{
  "_fv": 8,
  "_type": "block",
  "definition": {
    "texture": "acaciastump",
    "textureTop": "",
    "textureLeft": "",
    "textureFront": "",
    "textureRight": "",
    "textureBack": "",
    "renderType": 2,
    "customModelName": "acaciastump:default",
    "rotationMode": 0,
    "hasTransparency": true,
    "connectedSides": false,
    "transparencyType": "CUTOUT",
    "mx": 0.0,
    "my": 0.0,
    "mz": 0.0,
    "Mx": 1.0,
    "My": 1.0,
    "Mz": 1.0,
    "name": "Acacia Stump",
    "specialInfo": [],
    "hardness": 0.5,
    "resistance": 5.0,
    "hasGravity": false,
    "creativeTab": {
      "value": "No creative tab entry"
    },
    "destroyTool": "axe",
    "customDrop": {
      "value": "Blocks.AIR"
    },
    "dropAmount": 1,
    "isBeaconBase": false,
    "enchantPowerBonus": 0.0,
    "plantsGrowOn": false,
    "canProvidePower": false,
    "lightOpacity": 0,
    "material": {
      "value": "PLANTS"
    },
    "tickRate": 10,
    "tickRandomly": false,
    "isReplaceable": false,
    "colorOnMap": "DEFAULT",
    "creativePickItem": {
      "value": ""
    },
    "offsetType": "NONE",
    "aiPathNodeType": "DEFAULT",
    "flammability": 0,
    "fireSpreadSpeed": 0,
    "isLadder": false,
    "slipperiness": 0.6,
    "reactionToPushing": "NORMAL",
    "isNotColidable": false,
    "soundOnStep": {
      "value": "PLANT"
    },
    "luminance": 0.0,
    "unbreakable": false,
    "breakHarvestLevel": 1,
    "spawnParticles": false,
    "particleToSpawn": {
      "value": "EXPLOSION_NORMAL"
    },
    "particleSpawningShape": "Spread",
    "particleSpawningRadious": 0.5,
    "particleAmount": 4,
    "particleSpawningCondition": "ALWAYS",
    "hasInventory": false,
    "guiBoundTo": "<NONE>",
    "openGUIOnRightClick": false,
    "inventorySize": 9,
    "inventoryStackSize": 64,
    "inventoryDropWhenDestroyed": true,
    "inventoryComparatorPower": true,
    "inventoryOutSlotIDs": [],
    "inventoryInSlotIDs": [],
    "onDestroyedByPlayer": {
      "name": "AcaciaStumpBlockDestroyedByPlayer"
    },
    "spawnWorldTypes": [
      "Surface"
    ],
    "restrictionBiomes": [
      {
        "value": "savanna"
      },
      {
        "value": "savanna_rock"
      },
      {
        "value": "wooded_badlands_plateau"
      },
      {
        "value": "mutated_savanna"
      },
      {
        "value": "mutated_savanna_rock"
      }
    ],
    "blocksToReplace": [
      {
        "value": "Blocks.TALLGRASS#1"
      },
      {
        "value": "CUSTOM:SavannahShortGrass"
      }
    ],
    "frequencyPerChunks": 30,
    "frequencyOnChunk": 4,
    "minGenerateHeight": 0,
    "maxGenerateHeight": 100
  }
}