{
  "_fv": 8,
  "_type": "item",
  "definition": {
    "renderType": 1,
    "texture": "ealpewshroom",
    "customModelName": "spewshroomhat:aqua",
    "name": "Aqua Spewshroom Hat",
    "creativeTab": {
      "value": "CUSTOM:GachaShroom"
    },
    "stackSize": 1,
    "enchantability": 5,
    "useDuration": 400,
    "toolType": 2.0,
    "damageCount": 0,
    "destroyAnyBlock": false,
    "stayInGridWhenCrafting": false,
    "enableMeleeDamage": false,
    "damageVsEntity": 0.0,
    "specialInfo": [
      "Releases spores like drops of rain"
    ],
    "hasGlow": false,
    "guiBoundTo": "<NONE>",
    "inventorySize": 9,
    "inventoryStackSize": 64,
    "onRightClickedInAir": {
      "name": "AquaSpewshroomHatRightClickedInAir"
    },
    "onItemInInventoryTick": {
      "name": "AquaSpewshroomHatItemInInventoryTick"
    }
  }
}