{
  "_fv": 8,
  "_type": "recipe",
  "definition": {
    "recipeType": "Crafting",
    "xpReward": 0.0,
    "cookingTime": 200,
    "recipeRetstackSize": 1,
    "group": "",
    "recipeShapeless": false,
    "recipeSlots": [
      {
        "value": ""
      },
      {
        "value": "Items.PRISMARINE_SHARD"
      },
      {
        "value": ""
      },
      {
        "value": "Blocks.SPONGE#0"
      },
      {
        "value": "CUSTOM:PurpleSpewshroomHat"
      },
      {
        "value": "Blocks.SPONGE#0"
      },
      {
        "value": ""
      },
      {
        "value": "Items.PRISMARINE_SHARD"
      },
      {
        "value": ""
      }
    ],
    "recipeReturnStack": {
      "value": "CUSTOM:AquaSpewshroomHat"
    },
    "name": "aqua_spewshroom_r_2",
    "namespace": "mod"
  }
}