{
  "_fv": 8,
  "_type": "block",
  "definition": {
    "texture": "bigsturdybracket",
    "textureTop": "",
    "textureLeft": "",
    "textureFront": "",
    "textureRight": "",
    "textureBack": "",
    "renderType": 2,
    "customModelName": "bigsturdybracket:default",
    "rotationMode": 0,
    "hasTransparency": true,
    "connectedSides": false,
    "transparencyType": "CUTOUT",
    "mx": 0.0,
    "my": 0.0,
    "mz": 0.0,
    "Mx": 1.0,
    "My": 1.0,
    "Mz": 1.0,
    "name": "Big Sturdy Bracket",
    "specialInfo": [],
    "hardness": 1.5,
    "resistance": 15.5,
    "hasGravity": false,
    "creativeTab": {
      "value": "CUSTOM:MushroomQuestBlocks"
    },
    "destroyTool": "axe",
    "customDrop": {
      "value": "Blocks.AIR"
    },
    "dropAmount": 1,
    "isBeaconBase": false,
    "enchantPowerBonus": 0.0,
    "plantsGrowOn": false,
    "canProvidePower": false,
    "lightOpacity": 0,
    "material": {
      "value": "WOOD"
    },
    "tickRate": 10,
    "tickRandomly": false,
    "isReplaceable": false,
    "colorOnMap": "DEFAULT",
    "creativePickItem": {
      "value": ""
    },
    "offsetType": "NONE",
    "aiPathNodeType": "DEFAULT",
    "flammability": 0,
    "fireSpreadSpeed": 0,
    "isLadder": false,
    "slipperiness": 0.6,
    "reactionToPushing": "NORMAL",
    "isNotColidable": false,
    "soundOnStep": {
      "value": "WOOD"
    },
    "luminance": 0.25,
    "unbreakable": false,
    "breakHarvestLevel": 3,
    "spawnParticles": false,
    "particleToSpawn": {
      "value": "EXPLOSION_NORMAL"
    },
    "particleSpawningShape": "Spread",
    "particleSpawningRadious": 0.5,
    "particleAmount": 4,
    "particleSpawningCondition": "ALWAYS",
    "hasInventory": false,
    "guiBoundTo": "<NONE>",
    "openGUIOnRightClick": false,
    "inventorySize": 9,
    "inventoryStackSize": 64,
    "inventoryDropWhenDestroyed": true,
    "inventoryComparatorPower": true,
    "inventoryOutSlotIDs": [],
    "inventoryInSlotIDs": [],
    "onDestroyedByPlayer": {
      "name": "BigSturdyBracketBlockDestroyedByPlayer"
    },
    "onStartToDestroy": {
      "name": "BigSturdyBracketPlayerStartsToDestroy"
    },
    "spawnWorldTypes": [],
    "restrictionBiomes": [],
    "blocksToReplace": [],
    "frequencyPerChunks": 10,
    "frequencyOnChunk": 16,
    "minGenerateHeight": 0,
    "maxGenerateHeight": 64
  }
}