{
  "_fv": 8,
  "_type": "achievement",
  "definition": {
    "achievementName": "Bioluminescent",
    "achievementDescription": "Collect all the glowing mushrooms; Every colored Glowshroom, Glowstool, and Lantern Mushroom.",
    "achievementIcon": {
      "value": "CUSTOM:GreenGlowshroom"
    },
    "background": "Default",
    "disableDisplay": false,
    "showPopup": true,
    "announceToChat": true,
    "hideIfNotCompleted": false,
    "rewardLoot": [],
    "rewardRecipes": [],
    "rewardFunction": "No function",
    "rewardXP": 5,
    "achievementType": "goal",
    "parent": {
      "value": "CUSTOM:UniversalForager"
    },
    "triggerxml": "<xml xmlns=\"https://developers.google.com/blockly/xml\"><block type=\"custom_trigger\" x=\"40\" y=\"80\"><next><block type=\"advancement_trigger\" deletable=\"false\"/></next></block></xml>"
  }
}