{
  "_fv": 8,
  "_type": "food",
  "definition": {
    "renderType": 0,
    "texture": "birchpolypore",
    "customModelName": "Normal",
    "name": "Birch Polypore",
    "specialInfo": [],
    "creativeTab": {
      "value": "CUSTOM:GachaShroom"
    },
    "stackSize": 64,
    "nutritionalValue": 4,
    "saturation": 0.7999999999999999,
    "eatingSpeed": 64,
    "forDogs": false,
    "isAlwaysEdible": true,
    "animation": "eat",
    "hasGlow": false,
    "onEaten": {
      "name": "BirchPolyporeFoodEaten"
    }
  }
}