{
  "_fv": 8,
  "_type": "procedure",
  "definition": {
    "procedurexml": "<?xml version=\"1.0\" encoding=\"UTF-8\" standalone=\"no\"?><xml xmlns=\"https://developers.google.com/blockly/xml\"><block deletable=\"false\" type=\"event_trigger\" x=\"40\" y=\"40\"><field name=\"trigger\">No additional trigger</field><next><block type=\"execute_command\"><value name=\"command\"><block type=\"text\"><field name=\"TEXT\">particle dust 1.000 0.000 0.000 1 ~ ~ ~ 1 1 1 0.01 100 normal</field></block></value><value name=\"x\"><block type=\"coord_x\"/></value><value name=\"y\"><block type=\"coord_y\"/></value><value name=\"z\"><block type=\"coord_z\"/></value><next><block type=\"controls_if\"><comment h=\"85\" pinned=\"false\" w=\"293\">This example will test if the random number is less than 0.7 (70%). Random numbers range between (0.0 and 1.0). If it is true, then it will run what is in the \"do\" section of the if statement.</comment><value name=\"IF0\"><block type=\"math_binary_ops\"><field name=\"OP\">LT</field><value name=\"A\"><block type=\"math_java_constants\"><field name=\"CONSTANT\">RANDOM</field></block></value><value name=\"B\"><block type=\"math_number\"><field name=\"NUM\">0.5</field></block></value></block></value><statement name=\"DO0\"><block type=\"execute_command\"><value name=\"command\"><block type=\"text\"><field name=\"TEXT\">summon minecraft:silverfish ~ ~ ~ {Silent:1b,CustomNameVisible:0b,Health:10f,CustomName:'{\"text\":\"Blood\"}',ActiveEffects:[{Id:14b,Amplifier:5b,Duration:2000,ShowParticles:0b},{Id:20b,Amplifier:1b,Duration:2000,ShowParticles:0b}],Attributes:[{Name:generic.followRange,Base:16},{Name:generic.knockbackResistance,Base:1},{Name:generic.movementSpeed,Base:0.35},{Name:generic.attackDamage,Base:3},{Name:generic.attackKnockback,Base:0.3}]}</field></block></value><value name=\"x\"><block type=\"coord_x\"/></value><value name=\"y\"><block type=\"coord_y\"/></value><value name=\"z\"><block type=\"coord_z\"/></value></block></statement><next><block type=\"controls_if\"><comment h=\"85\" pinned=\"false\" w=\"293\">This example will test if the random number is less than 0.7 (70%). Random numbers range between (0.0 and 1.0). If it is true, then it will run what is in the \"do\" section of the if statement.</comment><value name=\"IF0\"><block type=\"math_binary_ops\"><field name=\"OP\">LT</field><value name=\"A\"><block type=\"math_java_constants\"><field name=\"CONSTANT\">RANDOM</field></block></value><value name=\"B\"><block type=\"math_number\"><field name=\"NUM\">0.2</field></block></value></block></value><statement name=\"DO0\"><block type=\"execute_command\"><value name=\"command\"><block type=\"text\"><field name=\"TEXT\">summon minecraft:silverfish ~ ~ ~ {Silent:1b,CustomNameVisible:0b,Health:10f,CustomName:'{\"text\":\"Blood\"}',ActiveEffects:[{Id:14b,Amplifier:5b,Duration:2000,ShowParticles:0b},{Id:20b,Amplifier:1b,Duration:2000,ShowParticles:0b}],Attributes:[{Name:generic.followRange,Base:16},{Name:generic.knockbackResistance,Base:1},{Name:generic.movementSpeed,Base:0.35},{Name:generic.attackDamage,Base:3},{Name:generic.attackKnockback,Base:0.3}]}</field></block></value><value name=\"x\"><block type=\"coord_x\"/></value><value name=\"y\"><block type=\"coord_y\"/></value><value name=\"z\"><block type=\"coord_z\"/></value></block></statement></block></next></block></next></block></next></block></xml>"
  }
}