{
  "_fv": 8,
  "_type": "recipe",
  "definition": {
    "recipeType": "Crafting",
    "xpReward": 0.0,
    "cookingTime": 200,
    "recipeRetstackSize": 8,
    "group": "",
    "recipeShapeless": false,
    "recipeSlots": [
      {
        "value": "Blocks.HARDENED_CLAY"
      },
      {
        "value": "Blocks.HARDENED_CLAY"
      },
      {
        "value": "Blocks.HARDENED_CLAY"
      },
      {
        "value": "Blocks.HARDENED_CLAY"
      },
      {
        "value": "CUSTOM:BloodResin"
      },
      {
        "value": "Blocks.HARDENED_CLAY"
      },
      {
        "value": "Blocks.HARDENED_CLAY"
      },
      {
        "value": "Blocks.HARDENED_CLAY"
      },
      {
        "value": "Blocks.HARDENED_CLAY"
      }
    ],
    "recipeReturnStack": {
      "value": "CUSTOM:BloodyTerracotta"
    },
    "name": "bloodyterracottar",
    "namespace": "mod"
  }
}