{
  "_fv": 8,
  "_type": "plant",
  "definition": {
    "renderType": 12,
    "texture": "blueglowshrooms",
    "customModelName": "Cross model",
    "plantType": "growapable",
    "growapableSpawnType": "Cave",
    "growapableMaxHeight": 1,
    "name": "Blue Glowshroom",
    "specialInfo": [],
    "creativeTab": {
      "value": "CUSTOM:MushroomQuestBlocks"
    },
    "hardness": 0.01,
    "resistance": 1.0,
    "luminance": 0.2,
    "unbreakable": false,
    "soundOnStep": {
      "value": "SLIME"
    },
    "customDrop": {
      "value": ""
    },
    "dropAmount": 1,
    "forceTicking": false,
    "isReplaceable": false,
    "colorOnMap": "DEFAULT",
    "creativePickItem": {
      "value": ""
    },
    "offsetType": "XZ",
    "aiPathNodeType": "DEFAULT",
    "flammability": 0,
    "fireSpreadSpeed": 0,
    "frequencyOnChunks": 0,
    "spawnWorldTypes": [
      "Surface"
    ],
    "restrictionBiomes": []
  }
}