{
  "_fv": 8,
  "_type": "recipe",
  "definition": {
    "recipeType": "Crafting",
    "xpReward": 0.0,
    "cookingTime": 200,
    "recipeRetstackSize": 1,
    "recipeShapeless": true,
    "recipeSlots": [
      {
        "value": "CUSTOM:LingzhiMushroom"
      },
      {
        "value": "CUSTOM:MagicShrooms"
      },
      {
        "value": "CUSTOM:VeiledLady"
      },
      {
        "value": "CUSTOM:BlueKnight"
      },
      {
        "value": "CUSTOM:MortarAndPestle"
      },
      {
        "value": "Items.SPLASH_POTION"
      },
      {
        "value": ""
      },
      {
        "value": ""
      },
      {
        "value": ""
      }
    ],
    "recipeReturnStack": {
      "value": "CUSTOM:BottledDreamscape"
    },
    "name": "bottleddreamscaper",
    "namespace": "mod"
  }
}