{
  "_fv": 8,
  "_type": "tool",
  "definition": {
    "renderType": 1,
    "texture": "racketxe",
    "customModelName": "bracketbattleaxe:default",
    "name": "Bracket Battleaxe",
    "specialInfo": [
      "Harness the vitality of Ancient Trees"
    ],
    "creativeTab": {
      "value": "CUSTOM:GachaShroom"
    },
    "toolType": "Axe",
    "harvestLevel": 3,
    "efficiency": 3.5,
    "attackSpeed": 0.5,
    "enchantability": 3,
    "damageVsEntity": 10.0,
    "usageCount": 300,
    "blocksAffected": [],
    "hasGlow": false,
    "repairItems": [
      {
        "value": "CUSTOM:SturdyBracketItem"
      }
    ],
    "onRightClickedOnBlock": {
      "name": "BracketBattleaxeRightClickedOnBlock"
    },
    "onCrafted": {
      "name": "BracketBattleaxeItemIsCraftedsmelted"
    }
  }
}