{
  "_fv": 8,
  "_type": "structure",
  "definition": {
    "structure": "brackettree",
    "randomlyRotateStructure": true,
    "surfaceDetectionType": "First motion blocking block",
    "spawnProbability": 6000,
    "minCountPerChunk": 1,
    "maxCountPerChunk": 1,
    "spawnLocation": "Ground",
    "spawnHeightOffset": 0,
    "spawnWorldTypes": [
      "Surface"
    ],
    "restrictionBlocks": [
      {
        "value": "Blocks.MYCELIUM"
      }
    ],
    "restrictionBiomes": [
      {
        "value": "mushroom_fields"
      },
      {
        "value": "mushroom_field_shore"
      }
    ],
    "ignoreBlocks": "STRUCTURE_BLOCK"
  }
}