{
  "_fv": 8,
  "_type": "recipe",
  "definition": {
    "recipeType": "Crafting",
    "xpReward": 0.0,
    "cookingTime": 200,
    "recipeRetstackSize": 1,
    "recipeShapeless": true,
    "recipeSlots": [
      {
        "value": "CUSTOM:ParasolMushroom"
      },
      {
        "value": "CUSTOM:ColumnStinkhorn"
      },
      {
        "value": "CUSTOM:LaughingGym"
      },
      {
        "value": "Items.FERMENTED_SPIDER_EYE"
      },
      {
        "value": "CUSTOM:MortarAndPestle"
      },
      {
        "value": "Items.SPLASH_POTION"
      },
      {
        "value": ""
      },
      {
        "value": ""
      },
      {
        "value": ""
      }
    ],
    "recipeReturnStack": {
      "value": "CUSTOM:BrewOfIntoxication"
    },
    "name": "brewofintoxicationr",
    "namespace": "mod"
  }
}