{
  "_fv": 8,
  "_type": "food",
  "definition": {
    "renderType": 0,
    "texture": "brownrollrim",
    "customModelName": "Normal",
    "name": "Brown Roll-Rim",
    "specialInfo": [],
    "creativeTab": {
      "value": "CUSTOM:GachaShroom"
    },
    "stackSize": 64,
    "nutritionalValue": 1,
    "saturation": 0.19999999999999998,
    "eatingSpeed": 32,
    "forDogs": false,
    "isAlwaysEdible": true,
    "animation": "eat",
    "hasGlow": false,
    "onEaten": {
      "name": "BrownRollRimFoodEaten"
    }
  }
}