{
  "_fv": 8,
  "_type": "mob",
  "definition": {
    "mobName": "Burrow Worm",
    "mobLabel": "",
    "mobModelName": "ModelBurrowWorm",
    "mobModelTexture": "burrowworm.png",
    "mobModelGlowTexture": "",
    "modelWidth": 0.6,
    "modelHeight": 1.8,
    "modelShadowSize": 0.4,
    "mountedYOffset": 0.0,
    "hasSpawnEgg": true,
    "spawnEggBaseColor": {
      "value": -13418452,
      "falpha": 0.0
    },
    "spawnEggDotColor": {
      "value": -136095,
      "falpha": 0.0
    },
    "creativeTab": {
      "value": "CUSTOM:GachaShroom"
    },
    "isBoss": false,
    "bossBarColor": "PINK",
    "bossBarType": "PROGRESS",
    "equipmentMainHand": {
      "value": ""
    },
    "equipmentOffHand": {
      "value": ""
    },
    "equipmentHelmet": {
      "value": ""
    },
    "equipmentBody": {
      "value": ""
    },
    "equipmentLeggings": {
      "value": ""
    },
    "equipmentBoots": {
      "value": ""
    },
    "mobBehaviourType": "Mob",
    "mobCreatureType": "UNDEFINED",
    "attackStrength": 8,
    "movementSpeed": 0.35,
    "armorBaseValue": 0.4,
    "trackingRange": 64,
    "health": 26,
    "xpAmount": 4,
    "waterMob": false,
    "flyingMob": false,
    "disableCollisions": false,
    "ridable": false,
    "canControlForward": false,
    "canControlStrafe": false,
    "immuneToFire": false,
    "immuneToArrows": false,
    "immuneToFallDamage": false,
    "immuneToCactus": false,
    "immuneToDrowning": false,
    "immuneToLightning": false,
    "immuneToPotions": false,
    "immuneToPlayer": false,
    "mobDrop": {
      "value": ""
    },
    "livingSound": {
      "value": "entity.vex.ambient"
    },
    "hurtSound": {
      "value": "entity.vex.hurt"
    },
    "deathSound": {
      "value": "entity.vex.death"
    },
    "spawnParticles": false,
    "particleToSpawn": {
      "value": "EXPLOSION_NORMAL"
    },
    "particleSpawningShape": "Spread",
    "particleSpawningRadious": 0.5,
    "particleAmount": 4,
    "particleSpawningCondition": "ALWAYS",
    "onMobTickUpdate": {
      "name": "BurrowWormOnEntityTickUpdate"
    },
    "hasAI": true,
    "aiBase": "(none)",
    "aixml": "<xml xmlns=\"https://developers.google.com/blockly/xml\"><block type=\"aitasks_container\" deletable=\"false\" x=\"40\" y=\"40\"><next><block type=\"attack_entity\"><field name=\"insight\">FALSE</field><field name=\"nearby\">FALSE</field><field name=\"entity\">EntityPlayer</field><next><block type=\"attack_on_collide\"><field name=\"speed\">1.2</field><field name=\"longmemory\">FALSE</field><next><block type=\"wander_avoid_water\"><field name=\"speed\">0.8</field><next><block type=\"attack_action\"><field name=\"callhelp\">FALSE</field><next><block type=\"look_around\"/></next></block></next></block></next></block></next></block></next></block></xml>",
    "breedable": false,
    "breedTriggerItems": [],
    "ranged": false,
    "rangedAttackItem": {
      "value": ""
    },
    "rangedItemType": "Default item",
    "spawnThisMob": false,
    "doesDespawnWhenIdle": true,
    "spawningProbability": 20,
    "mobSpawningType": "monster",
    "minNumberOfMobsPerGroup": 4,
    "maxNumberOfMobsPerGroup": 4,
    "restrictionBiomes": [],
    "spawnInDungeons": false
  }
}