{
  "_fv": 8,
  "_type": "mob",
  "definition": {
    "mobName": "Decomposer",
    "mobLabel": "",
    "mobModelName": "ModelDecomposer",
    "mobModelTexture": "decomposer.png",
    "mobModelGlowTexture": "",
    "modelWidth": 0.6,
    "modelHeight": 1.8,
    "modelShadowSize": 0.5,
    "mountedYOffset": 0.0,
    "hasSpawnEgg": true,
    "spawnEggBaseColor": {
      "value": -11650780,
      "falpha": 0.0
    },
    "spawnEggDotColor": {
      "value": -6456746,
      "falpha": 0.0
    },
    "creativeTab": {
      "value": "CUSTOM:GachaShroom"
    },
    "isBoss": false,
    "bossBarColor": "PINK",
    "bossBarType": "PROGRESS",
    "equipmentMainHand": {
      "value": ""
    },
    "equipmentOffHand": {
      "value": ""
    },
    "equipmentHelmet": {
      "value": ""
    },
    "equipmentBody": {
      "value": ""
    },
    "equipmentLeggings": {
      "value": ""
    },
    "equipmentBoots": {
      "value": ""
    },
    "mobBehaviourType": "Creature",
    "mobCreatureType": "ARTHROPOD",
    "attackStrength": 1,
    "movementSpeed": 0.2,
    "armorBaseValue": 0.0,
    "trackingRange": 64,
    "health": 15,
    "xpAmount": 2,
    "waterMob": false,
    "flyingMob": false,
    "disableCollisions": false,
    "ridable": false,
    "canControlForward": false,
    "canControlStrafe": false,
    "immuneToFire": false,
    "immuneToArrows": false,
    "immuneToFallDamage": false,
    "immuneToCactus": false,
    "immuneToDrowning": false,
    "immuneToLightning": false,
    "immuneToPotions": false,
    "immuneToPlayer": false,
    "mobDrop": {
      "value": ""
    },
    "livingSound": {
      "value": "entity.slime.squish"
    },
    "hurtSound": {
      "value": "entity.slime.hurt"
    },
    "deathSound": {
      "value": "entity.slime.death"
    },
    "spawnParticles": false,
    "particleToSpawn": {
      "value": "EXPLOSION_NORMAL"
    },
    "particleSpawningShape": "Spread",
    "particleSpawningRadious": 0.5,
    "particleAmount": 4,
    "particleSpawningCondition": "ALWAYS",
    "onRightClickedOn": {
      "name": "DecomposerRightClickedOnEntity"
    },
    "hasAI": true,
    "aiBase": "(none)",
    "aixml": "<xml xmlns=\"https://developers.google.com/blockly/xml\"><block type=\"aitasks_container\" deletable=\"false\" x=\"40\" y=\"40\"><next><block type=\"follow_item_in_hands\"><field name=\"speed\">1</field><field name=\"scared\">FALSE</field><value name=\"item\"><block type=\"mcitem_all\"><field name=\"value\">Items.ROTTEN_FLESH</field></block></value><next><block type=\"wander\"><field name=\"speed\">1</field><next><block type=\"look_around\"><next><block type=\"swim_in_water\"><next><block type=\"panic_when_attacked\"><field name=\"speed\">1.2</field></block></next></block></next></block></next></block></next></block></next></block></xml>",
    "breedable": false,
    "breedTriggerItems": [],
    "ranged": false,
    "rangedAttackItem": {
      "value": ""
    },
    "rangedItemType": "Default item",
    "spawnThisMob": true,
    "doesDespawnWhenIdle": true,
    "spawningProbability": 1,
    "mobSpawningType": "ambient",
    "minNumberOfMobsPerGroup": 1,
    "maxNumberOfMobsPerGroup": 1,
    "restrictionBiomes": [
      {
        "value": "mushroom_fields"
      },
      {
        "value": "mushroom_field_shore"
      }
    ],
    "spawnInDungeons": false
  }
}