{
  "_fv": 8,
  "_type": "gun",
  "definition": {
    "renderType": 0,
    "texture": "devilsbrew",
    "customModelName": "Normal",
    "name": "Devil's Brew",
    "specialInfo": [],
    "creativeTab": {
      "value": "CUSTOM:GachaShroom"
    },
    "stackSize": 64,
    "ammoItem": {
      "value": "CUSTOM:DevilsBrew"
    },
    "shootConstantly": false,
    "usageCount": 0,
    "actionSound": {
      "value": "entity.witch.throw"
    },
    "hasGlow": false,
    "enableMeleeDamage": false,
    "damageVsEntity": 0.5,
    "bulletPower": 0.5,
    "bulletDamage": 0.5,
    "bulletKnockback": 0,
    "bulletParticles": false,
    "bulletIgnitesFire": false,
    "bulletItemTexture": {
      "value": "CUSTOM:DevilsBrew"
    },
    "bulletModel": "Default",
    "customBulletModelTexture": "",
    "onBulletHitsBlock": {
      "name": "DevilsBrewBulletHitsBlock"
    },
    "onBulletHitsEntity": {
      "name": "DevilsBrewBulletHitsLivingEntity"
    }
  }
}