{
  "_fv": 8,
  "_type": "recipe",
  "definition": {
    "recipeType": "Crafting",
    "xpReward": 0.0,
    "cookingTime": 200,
    "recipeRetstackSize": 1,
    "recipeShapeless": true,
    "recipeSlots": [
      {
        "value": "CUSTOM:Chaga"
      },
      {
        "value": "CUSTOM:GiantPolypore"
      },
      {
        "value": "CUSTOM:TinderPolypore"
      },
      {
        "value": "Items.GHAST_TEAR"
      },
      {
        "value": "CUSTOM:MortarAndPestle"
      },
      {
        "value": "Items.POTIONITEM"
      },
      {
        "value": ""
      },
      {
        "value": ""
      },
      {
        "value": ""
      }
    ],
    "recipeReturnStack": {
      "value": "CUSTOM:DewOfGiants"
    },
    "name": "dewofgiantsr",
    "namespace": "mod"
  }
}