{
  "_fv": 8,
  "_type": "food",
  "definition": {
    "renderType": 0,
    "texture": "dewofgiants",
    "customModelName": "Normal",
    "name": "Dew Of Giants",
    "specialInfo": [],
    "creativeTab": {
      "value": "CUSTOM:GachaShroom"
    },
    "stackSize": 64,
    "nutritionalValue": 5,
    "saturation": 0.0,
    "eatingSpeed": 32,
    "forDogs": false,
    "isAlwaysEdible": true,
    "animation": "drink",
    "hasGlow": false,
    "onEaten": {
      "name": "DewOfGiantsFoodEaten"
    },
    "onCrafted": {
      "name": "DewOfGiantsItemIsCraftedsmelted"
    }
  }
}