{
  "_fv": 8,
  "_type": "item",
  "definition": {
    "renderType": 0,
    "texture": "fairycharm",
    "customModelName": "Normal",
    "name": "Charm of Fae",
    "creativeTab": {
      "value": "CUSTOM:GachaShroom"
    },
    "stackSize": 64,
    "enchantability": 0,
    "useDuration": 0,
    "toolType": 1.0,
    "damageCount": 0,
    "destroyAnyBlock": false,
    "stayInGridWhenCrafting": false,
    "enableMeleeDamage": false,
    "damageVsEntity": 0.0,
    "specialInfo": [
      "The protection of the Guardian Spirits"
    ],
    "hasGlow": false,
    "guiBoundTo": "<NONE>",
    "inventorySize": 9,
    "inventoryStackSize": 64,
    "onRightClickedOnBlock": {
      "name": "FairyCharmRightClickedOnBlock"
    },
    "onCrafted": {
      "name": "FairyCharmItemIsCraftedsmelted"
    }
  }
}