{
  "_fv": 8,
  "_type": "structure",
  "definition": {
    "structure": "fairyhome2",
    "randomlyRotateStructure": true,
    "surfaceDetectionType": "First motion blocking block",
    "spawnProbability": 2500,
    "minCountPerChunk": 1,
    "maxCountPerChunk": 1,
    "spawnLocation": "Ground",
    "spawnHeightOffset": 1,
    "spawnWorldTypes": [
      "Surface"
    ],
    "restrictionBlocks": [
      {
        "value": "Blocks.MYCELIUM"
      }
    ],
    "restrictionBiomes": [
      {
        "value": "mushroom_fields"
      }
    ],
    "ignoreBlocks": "STRUCTURE_BLOCK"
  }
}