{
  "_fv": 8,
  "_type": "recipe",
  "definition": {
    "recipeType": "Crafting",
    "xpReward": 0.0,
    "cookingTime": 200,
    "recipeRetstackSize": 1,
    "recipeShapeless": false,
    "recipeSlots": [
      {
        "value": "Items.GOLD_NUGGET"
      },
      {
        "value": "Items.GOLD_INGOT"
      },
      {
        "value": "Items.GOLD_NUGGET"
      },
      {
        "value": "Items.STRING"
      },
      {
        "value": "Items.STRING"
      },
      {
        "value": "Items.STRING"
      },
      {
        "value": "CUSTOM:FairyRingMushroom"
      },
      {
        "value": "CUSTOM:FlyAgaric"
      },
      {
        "value": "CUSTOM:FairyRingMushroom"
      }
    ],
    "recipeReturnStack": {
      "value": "CUSTOM:FairyCharm"
    },
    "name": "fairycharmr",
    "namespace": "mod"
  }
}