{
  "_fv": 8,
  "_type": "achievement",
  "definition": {
    "achievementName": "Fantastical World",
    "achievementDescription": "Enter into the Mushroom Island",
    "achievementIcon": {
      "value": "CUSTOM:MyceliumKoru"
    },
    "background": "Default",
    "disableDisplay": false,
    "showPopup": true,
    "announceToChat": true,
    "hideIfNotCompleted": false,
    "rewardLoot": [],
    "rewardFunction": "No function",
    "rewardXP": 5,
    "achievementType": "task",
    "parent": {
      "value": "CUSTOM:MushroomQuest"
    },
    "triggerxml": "<xml xmlns=\"https://developers.google.com/blockly/xml\"><block type=\"biome_entered\" x=\"30\" y=\"71\"><field name=\"biome\">mushroom_fields</field><next><block type=\"advancement_trigger\" deletable=\"false\"/></next></block></xml>"
  }
}