{
  "_fv": 8,
  "_type": "plant",
  "definition": {
    "renderType": 12,
    "texture": "forestgrass",
    "customModelName": "Cross model",
    "plantType": "normal",
    "growapableSpawnType": "Plains",
    "growapableMaxHeight": 3,
    "name": "Forestshortgrass",
    "specialInfo": [],
    "creativeTab": {
      "value": "No creative tab entry"
    },
    "hardness": 0.010000000000000009,
    "resistance": 0.0,
    "luminance": 0.0,
    "unbreakable": false,
    "soundOnStep": {
      "value": "PLANT"
    },
    "customDrop": {
      "value": "Blocks.AIR"
    },
    "dropAmount": 1,
    "forceTicking": false,
    "isReplaceable": false,
    "colorOnMap": "DEFAULT",
    "creativePickItem": {
      "value": ""
    },
    "offsetType": "XZ",
    "aiPathNodeType": "DEFAULT",
    "flammability": 0,
    "fireSpreadSpeed": 0,
    "frequencyOnChunks": 30,
    "spawnWorldTypes": [
      "Surface"
    ],
    "restrictionBiomes": [
      {
        "value": "forest"
      },
      {
        "value": "forest_hills"
      },
      {
        "value": "jungle"
      },
      {
        "value": "jungle_hills"
      },
      {
        "value": "jungle_edge"
      },
      {
        "value": "birch_forest"
      },
      {
        "value": "birch_forest_hills"
      },
      {
        "value": "roofed_forest"
      },
      {
        "value": "mutated_forest"
      },
      {
        "value": "mutated_jungle"
      },
      {
        "value": "mutated_jungle_edge"
      },
      {
        "value": "mutated_birch_forest"
      },
      {
        "value": "mutated_birch_forest_hills"
      },
      {
        "value": "mutated_roofed_forest"
      },
      {
        "value": "mushroom_fields"
      },
      {
        "value": "mushroom_field_shore"
      },
      {
        "value": "bamboo_jungle"
      },
      {
        "value": "bamboo_jungle_hills"
      }
    ]
  }
}