{
  "_fv": 8,
  "_type": "achievement",
  "definition": {
    "achievementName": "Fungi Connoisseur",
    "achievementDescription": "Collect each of the mushroom delicacies: Black Truffle, Saffron Milkcap, Chicken of the Woods, Portobello, Penny Bun, and Yellow Morel",
    "achievementIcon": {
      "value": "CUSTOM:BlackTruffle"
    },
    "background": "Default",
    "disableDisplay": false,
    "showPopup": true,
    "announceToChat": true,
    "hideIfNotCompleted": false,
    "rewardLoot": [],
    "rewardRecipes": [],
    "rewardFunction": "No function",
    "rewardXP": 4,
    "achievementType": "goal",
    "parent": {
      "value": "CUSTOM:OceanMushrooms"
    },
    "triggerxml": "<xml xmlns=\"https://developers.google.com/blockly/xml\"><block type=\"custom_trigger\" x=\"47\" y=\"53\"><next><block type=\"advancement_trigger\" deletable=\"false\"/></next></block></xml>"
  }
}