{
  "_fv": 8,
  "_type": "gun",
  "definition": {
    "renderType": 0,
    "texture": "glowshroombow",
    "customModelName": "Normal",
    "name": "Glowshroom Bow",
    "specialInfo": [],
    "creativeTab": {
      "value": "CUSTOM:GachaShroom"
    },
    "stackSize": 1,
    "ammoItem": {
      "value": "Items.ARROW"
    },
    "shootConstantly": false,
    "usageCount": 100,
    "actionSound": {
      "value": "entity.arrow.shoot"
    },
    "hasGlow": false,
    "enableMeleeDamage": false,
    "damageVsEntity": 1.0,
    "bulletPower": 1.0,
    "bulletDamage": 1.0999999999999999,
    "bulletKnockback": 0,
    "bulletParticles": false,
    "bulletIgnitesFire": false,
    "bulletItemTexture": {
      "value": "Items.ARROW"
    },
    "bulletModel": "Default",
    "customBulletModelTexture": "",
    "onBulletHitsEntity": {
      "name": "GlowshroomBowBulletHitsLivingEntity"
    }
  }
}