{
  "_fv": 8,
  "_type": "food",
  "definition": {
    "renderType": 0,
    "texture": "glowinggoo",
    "customModelName": "Normal",
    "name": "Glowing Goo",
    "specialInfo": [],
    "creativeTab": {
      "value": "CUSTOM:GachaShroom"
    },
    "stackSize": 64,
    "nutritionalValue": 3,
    "saturation": 0.0,
    "eatingSpeed": 32,
    "forDogs": false,
    "isAlwaysEdible": true,
    "animation": "drink",
    "hasGlow": false,
    "onEaten": {
      "name": "GlowingGooFoodEaten"
    },
    "onCrafted": {
      "name": "GlowingGooItemIsCraftedsmelted"
    }
  }
}