{
  "_fv": 8,
  "_type": "recipe",
  "definition": {
    "recipeType": "Crafting",
    "xpReward": 0.0,
    "cookingTime": 200,
    "recipeRetstackSize": 1,
    "recipeShapeless": true,
    "recipeSlots": [
      {
        "value": "CUSTOM:LanternMushrooms"
      },
      {
        "value": "CUSTOM:OysterMushroom"
      },
      {
        "value": "Items.GLOWSTONE_DUST"
      },
      {
        "value": "CUSTOM:MortarAndPestle"
      },
      {
        "value": "Items.GOLDEN_CARROT"
      },
      {
        "value": "Items.POTIONITEM"
      },
      {
        "value": ""
      },
      {
        "value": ""
      },
      {
        "value": ""
      }
    ],
    "recipeReturnStack": {
      "value": "CUSTOM:GlowingGoo"
    },
    "name": "glowinggoor",
    "namespace": "mod"
  }
}