{
  "_fv": 8,
  "_type": "food",
  "definition": {
    "renderType": 0,
    "texture": "thesickener",
    "customModelName": "Normal",
    "name": "The Sickener",
    "specialInfo": [],
    "creativeTab": {
      "value": "CUSTOM:GachaShroom"
    },
    "stackSize": 64,
    "nutritionalValue": 2,
    "saturation": -0.2,
    "eatingSpeed": 32,
    "forDogs": false,
    "isAlwaysEdible": true,
    "animation": "eat",
    "hasGlow": false,
    "onEaten": {
      "name": "HexagonalPolyporeFoodEaten"
    }
  }
}