{
  "_fv": 8,
  "_type": "achievement",
  "definition": {
    "achievementName": "Itadakimasu!",
    "achievementDescription": "Collect all the oriental fungi: Shiitake, Velvet Foot, Nameko, Hen of the Woods, King Trumpet, Matsutake, and Lingzhi Conk",
    "achievementIcon": {
      "value": "CUSTOM:VelvetFoot"
    },
    "background": "Default",
    "disableDisplay": false,
    "showPopup": true,
    "announceToChat": true,
    "hideIfNotCompleted": false,
    "rewardLoot": [],
    "rewardRecipes": [],
    "rewardFunction": "No function",
    "rewardXP": 5,
    "achievementType": "goal",
    "parent": {
      "value": "CUSTOM:FungiConnoisseur"
    },
    "triggerxml": "<xml xmlns=\"https://developers.google.com/blockly/xml\"><block type=\"custom_trigger\" x=\"40\" y=\"80\"><next><block type=\"advancement_trigger\" deletable=\"false\"/></next></block></xml>"
  }
}