{
  "_fv": 8,
  "_type": "food",
  "definition": {
    "renderType": 0,
    "texture": "lingzhiconk",
    "customModelName": "Normal",
    "name": "Lingzhi Mushroom",
    "specialInfo": [],
    "creativeTab": {
      "value": "CUSTOM:GachaShroom"
    },
    "stackSize": 64,
    "nutritionalValue": 5,
    "saturation": 1.1,
    "eatingSpeed": 32,
    "forDogs": false,
    "isAlwaysEdible": true,
    "animation": "eat",
    "hasGlow": false,
    "onEaten": {
      "name": "LingzhiMushroomFoodEaten"
    }
  }
}