{
  "_fv": 8,
  "_type": "structure",
  "definition": {
    "structure": "log2",
    "randomlyRotateStructure": true,
    "surfaceDetectionType": "First motion blocking block",
    "spawnProbability": 3000,
    "minCountPerChunk": 1,
    "maxCountPerChunk": 1,
    "spawnLocation": "Ground",
    "spawnHeightOffset": 1,
    "spawnWorldTypes": [
      "Surface"
    ],
    "restrictionBlocks": [
      {
        "value": "Blocks.GRASS"
      },
      {
        "value": "Blocks.DIRT#2"
      }
    ],
    "restrictionBiomes": [
      {
        "value": "taiga"
      },
      {
        "value": "taiga_hills"
      },
      {
        "value": "taiga_cold"
      },
      {
        "value": "taiga_cold_hills"
      },
      {
        "value": "redwood_taiga"
      },
      {
        "value": "redwood_taiga_hills"
      },
      {
        "value": "mutated_taiga"
      },
      {
        "value": "mutated_taiga_cold"
      },
      {
        "value": "mutated_redwood_taiga"
      },
      {
        "value": "mutated_redwood_taiga_hills"
      }
    ],
    "ignoreBlocks": "STRUCTURE_BLOCK"
  }
}