{
  "_fv": 8,
  "_type": "item",
  "definition": {
    "renderType": 0,
    "texture": "mortarandpestle",
    "customModelName": "Normal",
    "name": "Mortar & Pestle",
    "creativeTab": {
      "value": "CUSTOM:GachaShroom"
    },
    "stackSize": 1,
    "enchantability": 0,
    "useDuration": 0,
    "toolType": 1.0,
    "damageCount": 0,
    "destroyAnyBlock": false,
    "stayInGridWhenCrafting": true,
    "enableMeleeDamage": false,
    "damageVsEntity": 0.0,
    "specialInfo": [
      "Tool for grinding precious materials"
    ],
    "hasGlow": false,
    "guiBoundTo": "<NONE>",
    "inventorySize": 9,
    "inventoryStackSize": 64
  }
}