{
  "_fv": 8,
  "_type": "recipe",
  "definition": {
    "recipeType": "Crafting",
    "xpReward": 0.0,
    "cookingTime": 200,
    "recipeRetstackSize": 1,
    "recipeShapeless": false,
    "recipeSlots": [
      {
        "value": ""
      },
      {
        "value": "CUSTOM:MossyMazePolypore"
      },
      {
        "value": ""
      },
      {
        "value": "CUSTOM:MossyMazePolypore"
      },
      {
        "value": "Blocks.STONEBRICK#0"
      },
      {
        "value": "CUSTOM:MossyMazePolypore"
      },
      {
        "value": ""
      },
      {
        "value": "CUSTOM:MossyMazePolypore"
      },
      {
        "value": ""
      }
    ],
    "recipeReturnStack": {
      "value": "Blocks.STONEBRICK#1"
    },
    "name": "mossymazepolyporer",
    "namespace": "mod"
  }
}