{
  "_fv": 8,
  "_type": "achievement",
  "definition": {
    "achievementName": "Let's Forage!",
    "achievementDescription": "Advancements for the Mushroom Quest mod.",
    "achievementIcon": {
      "value": "CUSTOM:FlyAgaric"
    },
    "background": "Default",
    "disableDisplay": false,
    "showPopup": true,
    "announceToChat": true,
    "hideIfNotCompleted": false,
    "rewardLoot": [],
    "rewardFunction": "No function",
    "rewardXP": 0,
    "achievementType": "goal",
    "parent": {
      "value": "No parent: root"
    },
    "triggerxml": "<xml xmlns=\"https://developers.google.com/blockly/xml\"><block type=\"custom_trigger\" x=\"40\" y=\"80\"><next><block type=\"advancement_trigger\" deletable=\"false\"/></next></block></xml>"
  }
}