{
  "_fv": 8,
  "_type": "block",
  "definition": {
    "texture": "mushroomdirt",
    "textureTop": "",
    "textureLeft": "",
    "textureFront": "",
    "textureRight": "",
    "textureBack": "",
    "renderType": 10,
    "customModelName": "Normal",
    "rotationMode": 0,
    "hasTransparency": false,
    "connectedSides": false,
    "transparencyType": "SOLID",
    "mx": 0.0,
    "my": 0.0,
    "mz": 0.0,
    "Mx": 1.0,
    "My": 1.0,
    "Mz": 1.0,
    "name": "Mushroom Dirt",
    "specialInfo": [],
    "hardness": 0.1,
    "resistance": 1.0,
    "hasGravity": false,
    "creativeTab": {
      "value": "No creative tab entry"
    },
    "destroyTool": "shovel",
    "customDrop": {
      "value": "Blocks.DIRT#0"
    },
    "dropAmount": 1,
    "isBeaconBase": false,
    "enchantPowerBonus": 0.0,
    "plantsGrowOn": true,
    "canProvidePower": false,
    "lightOpacity": 255,
    "material": {
      "value": "EARTH"
    },
    "tickRate": 10,
    "tickRandomly": false,
    "isReplaceable": false,
    "colorOnMap": "DEFAULT",
    "creativePickItem": {
      "value": ""
    },
    "offsetType": "NONE",
    "aiPathNodeType": "DEFAULT",
    "flammability": 0,
    "fireSpreadSpeed": 0,
    "isLadder": false,
    "slipperiness": 0.6,
    "reactionToPushing": "NORMAL",
    "isNotColidable": false,
    "soundOnStep": {
      "value": "GROUND"
    },
    "luminance": 0.0,
    "unbreakable": false,
    "breakHarvestLevel": 1,
    "spawnParticles": false,
    "particleToSpawn": {
      "value": "EXPLOSION_NORMAL"
    },
    "particleSpawningShape": "Spread",
    "particleSpawningRadious": 0.5,
    "particleAmount": 4,
    "particleSpawningCondition": "ALWAYS",
    "hasInventory": false,
    "openGUIOnRightClick": false,
    "inventorySize": 9,
    "inventoryStackSize": 64,
    "inventoryDropWhenDestroyed": true,
    "inventoryComparatorPower": true,
    "inventoryOutSlotIDs": [],
    "inventoryInSlotIDs": [],
    "spawnWorldTypes": [
      "Surface"
    ],
    "restrictionBiomes": [
      {
        "value": "mushroom_fields"
      },
      {
        "value": "mushroom_field_shore"
      }
    ],
    "blocksToReplace": [
      {
        "value": "Blocks.MYCELIUM"
      }
    ],
    "frequencyPerChunks": 30,
    "frequencyOnChunk": 30,
    "minGenerateHeight": 0,
    "maxGenerateHeight": 100
  }
}