{
  "_fv": 8,
  "_type": "plant",
  "definition": {
    "renderType": 12,
    "texture": "myceliumgrasstall",
    "customModelName": "Cross model",
    "plantType": "normal",
    "growapableSpawnType": "Plains",
    "growapableMaxHeight": 3,
    "name": "Mycelium Tall Grass",
    "specialInfo": [],
    "creativeTab": {
      "value": "DECORATIONS"
    },
    "hardness": 0.0,
    "resistance": 0.0,
    "luminance": 0.0,
    "unbreakable": false,
    "soundOnStep": {
      "value": "PLANT"
    },
    "customDrop": {
      "value": "Blocks.AIR"
    },
    "dropAmount": 1,
    "forceTicking": false,
    "isReplaceable": false,
    "colorOnMap": "DEFAULT",
    "creativePickItem": {
      "value": ""
    },
    "offsetType": "XZ",
    "aiPathNodeType": "DEFAULT",
    "flammability": 0,
    "fireSpreadSpeed": 0,
    "frequencyOnChunks": 15,
    "spawnWorldTypes": [
      "Surface"
    ],
    "restrictionBiomes": [
      {
        "value": "mushroom_fields"
      },
      {
        "value": "mushroom_field_shore"
      }
    ]
  }
}