{
  "_fv": 8,
  "_type": "gui",
  "definition": {
    "type": 0,
    "width": 530,
    "height": 470,
    "renderBgLayer": true,
    "components": [
      {
        "type": "image",
        "data": {
          "image": "mycopedia_glossary.png",
          "name": "mycopedia_glossary.png",
          "x": 167,
          "y": 10
        }
      },
      {
        "type": "button",
        "data": {
          "text": ">",
          "onClick": {
            "name": "GlossaryButton"
          },
          "width": 20,
          "height": 40,
          "name": ">",
          "x": 648,
          "y": 205
        }
      }
    ]
  }
}