{
  "_fv": 8,
  "_type": "item",
  "definition": {
    "renderType": 0,
    "texture": "mycopedia",
    "customModelName": "Normal",
    "name": "Mycopedia",
    "creativeTab": {
      "value": "CUSTOM:GachaShroom"
    },
    "stackSize": 1,
    "enchantability": 0,
    "useDuration": 0,
    "toolType": 1.0,
    "damageCount": 0,
    "destroyAnyBlock": false,
    "stayInGridWhenCrafting": false,
    "enableMeleeDamage": false,
    "damageVsEntity": 0.0,
    "specialInfo": [
      "Guide to Wild Fungi"
    ],
    "hasGlow": false,
    "guiBoundTo": "<NONE>",
    "inventorySize": 0,
    "inventoryStackSize": 64,
    "onRightClickedInAir": {
      "name": "MycopediaRightClickedInAir"
    },
    "onRightClickedOnBlock": {
      "name": "MycopediaRightClickedOnBlock"
    }
  }
}