{
  "_fv": 8,
  "_type": "gui",
  "definition": {
    "type": 0,
    "width": 440,
    "height": 450,
    "renderBgLayer": true,
    "components": [
      {
        "type": "label",
        "data": {
          "text": "Pg. 44",
          "color": {
            "value": -16777216,
            "falpha": 0.0
          },
          "name": "Pg. 44",
          "x": 582,
          "y": 428
        }
      },
      {
        "type": "button",
        "data": {
          "text": "Next Page",
          "onClick": {
            "name": "Pg44Button"
          },
          "width": 180,
          "height": 40,
          "name": "Next Page",
          "x": 342,
          "y": 405
        }
      },
      {
        "type": "image",
        "data": {
          "image": "mycopedia_page_44.3.png",
          "name": "mycopedia_page_44.3.png",
          "x": 222,
          "y": 15
        }
      }
    ]
  }
}