{
  "_fv": 8,
  "_type": "gui",
  "definition": {
    "type": 0,
    "width": 440,
    "height": 450,
    "renderBgLayer": true,
    "components": [
      {
        "type": "label",
        "data": {
          "text": "Pg. 45",
          "color": {
            "value": -16777216,
            "falpha": 0.0
          },
          "name": "Pg. 45",
          "x": 583,
          "y": 430
        }
      },
      {
        "type": "image",
        "data": {
          "image": "mycopedia_page_45.3.png",
          "name": "mycopedia_page_45.3.png",
          "x": 230,
          "y": 19
        }
      }
    ]
  }
}