{
  "_fv": 8,
  "_type": "gui",
  "definition": {
    "type": 0,
    "width": 440,
    "height": 450,
    "renderBgLayer": true,
    "components": [
      {
        "type": "image",
        "data": {
          "image": "mycopedia_page_13.png",
          "name": "mycopedia_page_13.png",
          "x": 229,
          "y": 18
        }
      },
      {
        "type": "label",
        "data": {
          "text": "Pg. 13",
          "color": {
            "value": -16777216,
            "falpha": 0.0
          },
          "name": "Pg. 13",
          "x": 581,
          "y": 429
        }
      },
      {
        "type": "button",
        "data": {
          "text": "Next Page",
          "onClick": {
            "name": "Pg13Button"
          },
          "width": 180,
          "height": 40,
          "name": "Next Page",
          "x": 336,
          "y": 408
        }
      }
    ]
  }
}