{
  "_fv": 8,
  "_type": "gui",
  "definition": {
    "type": 0,
    "width": 440,
    "height": 450,
    "renderBgLayer": true,
    "components": [
      {
        "type": "image",
        "data": {
          "image": "mycopedia_page_26.png",
          "name": "mycopedia_page_26.png",
          "x": 225,
          "y": 19
        }
      },
      {
        "type": "label",
        "data": {
          "text": "Pg. 26",
          "color": {
            "value": -16777216,
            "falpha": 0.0
          },
          "name": "Pg. 26",
          "x": 583,
          "y": 430
        }
      },
      {
        "type": "button",
        "data": {
          "text": "Next Page",
          "onClick": {
            "name": "Pg26Button"
          },
          "width": 180,
          "height": 40,
          "name": "Next Page",
          "x": 342,
          "y": 405
        }
      }
    ]
  }
}