{
  "_fv": 8,
  "_type": "gui",
  "definition": {
    "type": 0,
    "width": 440,
    "height": 450,
    "renderBgLayer": true,
    "components": [
      {
        "type": "image",
        "data": {
          "image": "mycopedia_page_6.png",
          "name": "mycopedia_page_6.png",
          "x": 229,
          "y": 19
        }
      },
      {
        "type": "label",
        "data": {
          "text": "Pg. 6",
          "color": {
            "value": -16777216,
            "falpha": 0.0
          },
          "name": "Pg. 6",
          "x": 592,
          "y": 431
        }
      },
      {
        "type": "button",
        "data": {
          "text": "Next Page",
          "onClick": {
            "name": "Pg6Button"
          },
          "width": 180,
          "height": 40,
          "name": "Next Page",
          "x": 341,
          "y": 399
        }
      }
    ]
  }
}