{
  "_fv": 8,
  "_type": "achievement",
  "definition": {
    "achievementName": "Mythical Hunter",
    "achievementDescription": "Collect all of the mythical rarity mushrooms.",
    "achievementIcon": {
      "value": "CUSTOM:GoldenOyster"
    },
    "background": "Default",
    "disableDisplay": false,
    "showPopup": true,
    "announceToChat": true,
    "hideIfNotCompleted": false,
    "rewardLoot": [],
    "rewardRecipes": [],
    "rewardFunction": "No function",
    "rewardXP": 10,
    "achievementType": "goal",
    "parent": {
      "value": "CUSTOM:TasteTheRainbow"
    },
    "triggerxml": "<xml xmlns=\"https://developers.google.com/blockly/xml\"><block type=\"custom_trigger\" x=\"40\" y=\"80\"><next><block type=\"advancement_trigger\" deletable=\"false\"/></next></block></xml>"
  }
}