{
  "_fv": 8,
  "_type": "achievement",
  "definition": {
    "achievementName": "Ocean Mushrooms",
    "achievementDescription": "Collect all the sea-related fungi; Clustered Coral, Octopus Stinkhorn, Coral Tooth Fungus, Lobster Mushroom, Oyster Mushroom, and Poison Fire Coral",
    "achievementIcon": {
      "value": "CUSTOM:ClusteredCoral"
    },
    "background": "Default",
    "disableDisplay": false,
    "showPopup": true,
    "announceToChat": true,
    "hideIfNotCompleted": false,
    "rewardLoot": [],
    "rewardRecipes": [],
    "rewardFunction": "No function",
    "rewardXP": 8,
    "achievementType": "goal",
    "parent": {
      "value": "CUSTOM:CourtOfRoyals"
    },
    "triggerxml": "<xml xmlns=\"https://developers.google.com/blockly/xml\"><block type=\"custom_trigger\" x=\"40\" y=\"80\"><next><block type=\"advancement_trigger\" deletable=\"false\"/></next></block></xml>"
  }
}