{
  "_fv": 8,
  "_type": "recipe",
  "definition": {
    "recipeType": "Crafting",
    "xpReward": 0.0,
    "cookingTime": 200,
    "recipeRetstackSize": 1,
    "recipeShapeless": true,
    "recipeSlots": [
      {
        "value": "CUSTOM:TheBlusher"
      },
      {
        "value": "CUSTOM:RufousMilkcap"
      },
      {
        "value": "CUSTOM:BlushingBracket"
      },
      {
        "value": "CUSTOM:MortarAndPestle"
      },
      {
        "value": "Items.POTIONITEM"
      },
      {
        "value": "Items.MAGMA_CREAM"
      },
      {
        "value": ""
      },
      {
        "value": ""
      },
      {
        "value": ""
      }
    ],
    "recipeReturnStack": {
      "value": "CUSTOM:OintmentOfBurning"
    },
    "name": "ointmentofburningr",
    "namespace": "mod"
  }
}