{
  "_fv": 8,
  "_type": "food",
  "definition": {
    "renderType": 0,
    "texture": "oystermushrooms",
    "customModelName": "Normal",
    "name": "Oyster Mushroom",
    "specialInfo": [],
    "creativeTab": {
      "value": "CUSTOM:GachaShroom"
    },
    "stackSize": 64,
    "nutritionalValue": 5,
    "saturation": 0.5,
    "eatingSpeed": 60,
    "forDogs": false,
    "isAlwaysEdible": true,
    "animation": "eat",
    "hasGlow": false,
    "onEaten": {
      "name": "OysterMushroomFoodEaten"
    }
  }
}