{
  "_fv": 8,
  "_type": "food",
  "definition": {
    "renderType": 0,
    "texture": "pulpitacid",
    "customModelName": "Normal",
    "name": "Pulpit Acid",
    "specialInfo": [
      "Corrosive Pitcher-Plant liquid"
    ],
    "creativeTab": {
      "value": "CUSTOM:GachaShroom"
    },
    "stackSize": 1,
    "nutritionalValue": -5,
    "saturation": -1.0,
    "eatingSpeed": 32,
    "forDogs": false,
    "isAlwaysEdible": false,
    "animation": "drink",
    "hasGlow": false,
    "onEaten": {
      "name": "PulpitAcidFoodEaten"
    }
  }
}