{
  "_fv": 8,
  "_type": "recipe",
  "definition": {
    "recipeType": "Crafting",
    "xpReward": 0.0,
    "cookingTime": 200,
    "recipeRetstackSize": 1,
    "group": "",
    "recipeShapeless": false,
    "recipeSlots": [
      {
        "value": ""
      },
      {
        "value": "CUSTOM:PulpitAcid"
      },
      {
        "value": ""
      },
      {
        "value": "CUSTOM:PulpitAcid"
      },
      {
        "value": "CUSTOM:RedSpewshroomHat"
      },
      {
        "value": "CUSTOM:PulpitAcid"
      },
      {
        "value": ""
      },
      {
        "value": "CUSTOM:PulpitAcid"
      },
      {
        "value": ""
      }
    ],
    "recipeReturnStack": {
      "value": "CUSTOM:PurpleSpewshroomHat"
    },
    "name": "purple_spewshroom_r_1",
    "namespace": "mod"
  }
}