{
  "_fv": 8,
  "_type": "achievement",
  "definition": {
    "achievementName": "Reaping the Reaper",
    "achievementDescription": "Kill the Woodlot Reaper.",
    "achievementIcon": {
      "value": "CUSTOM:BloodResin"
    },
    "background": "Default",
    "disableDisplay": false,
    "showPopup": true,
    "announceToChat": true,
    "hideIfNotCompleted": false,
    "rewardLoot": [],
    "rewardRecipes": [],
    "rewardFunction": "No function",
    "rewardXP": 10,
    "achievementType": "challenge",
    "parent": {
      "value": "CUSTOM:FantasticalWorld"
    },
    "triggerxml": "<xml xmlns=\"https://developers.google.com/blockly/xml\"><block type=\"custom_trigger\" x=\"36\" y=\"30\"><next><block type=\"advancement_trigger\" deletable=\"false\"/></next></block></xml>"
  }
}