{
  "_fv": 8,
  "_type": "recipe",
  "definition": {
    "recipeType": "Crafting",
    "xpReward": 0.0,
    "cookingTime": 200,
    "recipeRetstackSize": 1,
    "recipeShapeless": true,
    "recipeSlots": [
      {
        "value": "Blocks.RED_MUSHROOM"
      },
      {
        "value": "Blocks.RED_MUSHROOM"
      },
      {
        "value": ""
      },
      {
        "value": "Blocks.RED_MUSHROOM"
      },
      {
        "value": "Blocks.RED_MUSHROOM"
      },
      {
        "value": ""
      },
      {
        "value": ""
      },
      {
        "value": ""
      },
      {
        "value": ""
      }
    ],
    "recipeReturnStack": {
      "value": "Blocks.RED_MUSHROOM_BLOCK"
    },
    "name": "redmushroomblockr",
    "namespace": "mod"
  }
}