{
  "_fv": 8,
  "_type": "tool",
  "definition": {
    "renderType": 1,
    "texture": "cytheofecay",
    "customModelName": "scytheofdecay:default",
    "name": "Scythe Of Decay",
    "specialInfo": [
      "A blade that slices between Life and Death"
    ],
    "creativeTab": {
      "value": "CUSTOM:GachaShroom"
    },
    "toolType": "Sword",
    "harvestLevel": 2,
    "efficiency": 6.0,
    "attackSpeed": 0.8,
    "enchantability": 4,
    "damageVsEntity": 13.0,
    "usageCount": 200,
    "blocksAffected": [],
    "hasGlow": false,
    "repairItems": [],
    "onRightClickedInAir": {
      "name": "ScytheOfDecayRightClickedInAir"
    }
  }
}