{
  "_fv": 8,
  "_type": "structure",
  "definition": {
    "structure": "secretgrotto",
    "randomlyRotateStructure": true,
    "surfaceDetectionType": "First motion blocking block",
    "spawnProbability": 2200,
    "minCountPerChunk": 1,
    "maxCountPerChunk": 1,
    "spawnLocation": "Ground",
    "spawnHeightOffset": 0,
    "spawnWorldTypes": [
      "Surface"
    ],
    "restrictionBlocks": [
      {
        "value": "Blocks.GRASS"
      }
    ],
    "restrictionBiomes": [
      {
        "value": "plains"
      },
      {
        "value": "forest"
      },
      {
        "value": "swamp"
      },
      {
        "value": "jungle_edge"
      },
      {
        "value": "mutated_plains"
      },
      {
        "value": "mutated_forest"
      },
      {
        "value": "mutated_swampland"
      },
      {
        "value": "mutated_jungle_edge"
      }
    ],
    "ignoreBlocks": "STRUCTURE_BLOCK"
  }
}