{
  "_fv": 8,
  "_type": "achievement",
  "definition": {
    "achievementName": "Shaman!",
    "achievementDescription": "Craft a magical item.",
    "achievementIcon": {
      "value": "CUSTOM:FairyCharm"
    },
    "background": "Default",
    "disableDisplay": false,
    "showPopup": true,
    "announceToChat": true,
    "hideIfNotCompleted": false,
    "rewardLoot": [],
    "rewardFunction": "No function",
    "rewardXP": 3,
    "achievementType": "task",
    "parent": {
      "value": "CUSTOM:ANewPath"
    },
    "triggerxml": "<xml xmlns=\"https://developers.google.com/blockly/xml\"><block type=\"custom_trigger\" x=\"40\" y=\"80\"><next><block type=\"advancement_trigger\" deletable=\"false\"/></next></block></xml>"
  }
}